username,password,firstName,lastName:
arleighdickerson@frugalu.com,password,Arleigh,Dickerson
hamidbundu@facebook.com,password,Hamid,Bundu
OpalCLea@armyspy.com,koovooBa0jo,Opal,Lea
AndrewJCuyler@superrito.com,see3Yi0pieph,Andrew,Cuyler
MichaelEWilliams@teleworm.us,ThohdeeYi6,Michael,Williams
KellyAGeorges@cuvox.de,va9oor7AiCh,Kelly,Georges
BeulahJDimas@armyspy.com,aephoM5g,Beulah,Dimas
MargaretROverton@einrot.com,ael6aph3L,Margaret,Overton
JerryYBrowder@cuvox.de,Eig7ooXiurah,Jerry,Browder
SenaPSlade@superrito.com,oeW7ne5re,Sena,Slade
BrendaOWeiss@cuvox.de,OPho3ieX,Brenda,Weiss
SandraJRay@gustr.com,IepieM7z,Sandra,Ray
JenniferSWei@gustr.com,aed2toMaey,Jennifer,Wei
JohnGSilverberg@gustr.com,ohnohc3Tagu,John,Silverberg
JoseMJohnson@cuvox.de,kao9jie9As9m,Jose,Johnson
CharlesKWalker@gustr.com,poo3Aepei,Charles,Walker
JoseJLuoma@teleworm.us,ciqu5yo6Ath,Jose,Luoma
DanielleKMay@dayrep.com,dooBei3Qu,Danielle,May
MildredDMcNamee@cuvox.de,pah9Aeng2,Mildred,McNamee
DeniseJTaylor@einrot.com,itei8Nois,Denise,Taylor
CharlesJLaney@armyspy.com,ahLoim7qu,Charles,Laney
JosephLMcMillan@teleworm.us,laeraesie0K,Joseph,McMillan
RaymondTGunn@armyspy.com,Thaekeich7Ee,Raymond,Gunn
JeremyEFolsom@armyspy.com,YaeVaiB4sh,Jeremy,Folsom
RonaldDCrain@superrito.com,TeiG8chooNe,Ronald,Crain
SamBMastin@cuvox.de,Ya9aase8l,Sam,Mastin
NellieCRines@armyspy.com,jahLiech6ah,Nellie,Rines
RichardTHamby@cuvox.de,Otu1yohjirie,Richard,Hamby
PhyllisKMcCarty@einrot.com,aiJ4sheigee,Phyllis,McCarty
JohnCHamlin@teleworm.us,Oobaibie6d,John,Hamlin
SandraJPinkham@armyspy.com,ooF6shai,Sandra,Pinkham
KittyGDunlap@gustr.com,Eechi6shux1,Kitty,Dunlap
DorothyTTerhune@armyspy.com,gooR7Winoh,Dorothy,Terhune
JosephDMcIntosh@armyspy.com,maeWu1eepe,Joseph,McIntosh
AliceLAnderson@teleworm.us,Nu4YeeKubiph,Alice,Anderson
ValerieFOliver@armyspy.com,TohPhu1jee,Valerie,Oliver
QueenieSJoyner@teleworm.us,ith3Phe4o,Queenie,Joyner
JuanLMeurer@einrot.com,Sah7ak9Die3,Juan,Meurer
ConstanceJDecesare@dayrep.com,kieH7iyoo9jai,Constance,Decesare
DeborahRRoberts@cuvox.de,uP6ieko6thae,Deborah,Roberts
GraceJCoger@teleworm.us,ECaeche9oF4,Grace,Coger
WilliamMOviedo@einrot.com,eiBeChe8eil,William,Oviedo
JosephLGraves@einrot.com,sho4loX6u,Joseph,Graves
GeorgeMLizotte@einrot.com,oyo7Boh4oh,George,Lizotte
HarveyMParrish@einrot.com,Eigeibu0yam,Harvey,Parrish
MatthewLRussell@einrot.com,toaZie8pae,Matthew,Russell
JamesSFlores@teleworm.us,aiseiph5ohMah,James,Flores
BrandonNCastle@teleworm.us,Ein0Piobud,Brandon,Castle
TenaAFry@dayrep.com,obaex2Kae,Tena,Fry
NormanVHunt@superrito.com,phe8Je3eeph,Norman,Hunt
HarryMHawkins@dayrep.com,ohpu5Eiyaku,Harry,Hawkins
MikeKSmith@einrot.com,xei1beeThoh,Mike,Smith
HowardAMcGill@einrot.com,Eing8YooPoh,Howard,McGill
RosemaryMGibson@einrot.com,XahNe9oo,Rosemary,Gibson
SterlingBCorn@gustr.com,Ieji8oewieb,Sterling,Corn
JennyDMcKinney@einrot.com,shoxu0ieS,Jenny,McKinney
IleanaWColon@cuvox.de,ceeJ3uen4Cae,Ileana,Colon
LarryJTan@superrito.com,AJ7emae2ah,Larry,Tan
AngelaRGarcia@gustr.com,Yo5eiNg5d,Angela,Garcia
AmbroseKStark@gustr.com,meat4iaK4,Ambrose,Stark
MargueritePHaley@superrito.com,xoi4aiKae,Marguerite,Haley
JamesFBarnaby@teleworm.us,Bah5Liephie,James,Barnaby
DeloresDDaniels@einrot.com,ijeic3geePah,Delores,Daniels
LeroyABriner@gustr.com,Aoqu4KaeH,Leroy,Briner
CatalinaCLemus@armyspy.com,beesh6AeV6ah,Catalina,Lemus
AudreyLSippel@cuvox.de,euJoht5ahGh,Audrey,Sippel
SamuelLNieto@cuvox.de,Baeh2cam4T,Samuel,Nieto
JerryJPulver@einrot.com,boL8ohngu4,Jerry,Pulver
LeonKRivera@dayrep.com,Phoi3pooch,Leon,Rivera
VictorMCooper@superrito.com,aoQuahqu1ch,Victor,Cooper
WayneNGray@teleworm.us,Oloot1kaeng5,Wayne,Gray
WandaFMurphy@teleworm.us,Phie8Woi1Eux,Wanda,Murphy
RuthABenson@cuvox.de,aiShi9zi7ah,Ruth,Benson
PaulGGriffin@einrot.com,quo3peeQu,Paul,Griffin
BrettMDunn@armyspy.com,zeeFa3Ahia,Brett,Dunn
RonaldDIm@armyspy.com,huFaeGh8,Ronald,Im
MorrisSJamar@gustr.com,aequiQueir6Ai,Morris,Jamar
PatriciaDSprague@dayrep.com,Diehae8iah3,Patricia,Sprague
JefferyEKellogg@einrot.com,uyaiw7eeH7n,Jeffery,Kellogg
JamesCStewart@dayrep.com,shoh8Eexa,James,Stewart
WilliamJLesniak@armyspy.com,HaiJ7quu,William,Lesniak
MarianCBurns@dayrep.com,shi7Aivahfee,Marian,Burns
CathyABusch@dayrep.com,ahTh0Pahqu,Cathy,Busch
SarahDBraun@teleworm.us,Re4dooghee,Sarah,Braun
ClaudiaCCartwright@dayrep.com,mesaeng3Ee,Claudia,Cartwright
JenniferPSkinner@einrot.com,Ie0jieMo,Jennifer,Skinner
RosalindSMorgan@dayrep.com,ionei2Phei,Rosalind,Morgan
SandyMLyons@dayrep.com,xieth6Faegh,Sandy,Lyons
FriedaCLing@cuvox.de,liemuvi3eeT,Frieda,Ling
ToddJRobles@superrito.com,Auj1maghaed,Todd,Robles
RosaMKring@superrito.com,sheePh8E,Rosa,Kring
RyanBWeaver@superrito.com,xaiqu9Uz,Ryan,Weaver
RafaelAMatthews@superrito.com,eiSoow4zie,Rafael,Matthews
ElvinEBowen@dayrep.com,bait6kiSh3,Elvin,Bowen
AntonioILiles@cuvox.de,cieyo1Ay8,Antonio,Liles
RalphHStevens@gustr.com,Aihoqu3boo,Ralph,Stevens
EdwardAGonzalez@armyspy.com,Vuuwah7Gog1,Edward,Gonzalez
JerryDGrinnell@einrot.com,rahkuSh5,Jerry,Grinnell
JosephERichardson@einrot.com,eib9ja6Oh,Joseph,Richardson
DeniseJShinault@superrito.com,kaiRac8ah,Denise,Shinault
RogerBWakefield@einrot.com,zei8ac8V,Roger,Wakefield
DanielKBurnham@cuvox.de,Eigha6voi0v,Daniel,Burnham
BillCWright@einrot.com,ieSho2woh,Bill,Wright
StephenMSmith@teleworm.us,EorahF4Cei,Stephen,Smith
StephanieEHodges@dayrep.com,Ahv7ei4waeW5,Stephanie,Hodges
BryanAZhu@cuvox.de,ogoh4Ciesai,Bryan,Zhu
AlishaTHarris@armyspy.com,Uhee3thoh7,Alisha,Harris
RoseRSerrano@teleworm.us,aiFo1sem,Rose,Serrano
HughKAlbright@teleworm.us,aiYaingok8,Hugh,Albright
JosephMStone@teleworm.us,bahj3Eithah,Joseph,Stone
ConnieDAllen@gustr.com,phi1Ooth,Connie,Allen
AdamLEckman@superrito.com,choxo0Seich,Adam,Eckman
KellyJMoorhouse@cuvox.de,chei5Osahrai,Kelly,Moorhouse
GlendaRKumar@einrot.com,Chaim2ieGh,Glenda,Kumar
DarleneMWilson@dayrep.com,ub1xohH1x,Darlene,Wilson
GarryLPetro@teleworm.us,jeeHei8xah9,Garry,Petro
RichardAManthey@superrito.com,ieH5chai4,Richard,Manthey
JeffreyJGreene@superrito.com,MiChaix8pee,Jeffrey,Greene
HaroldNSherrod@einrot.com,AtaerooC2zae,Harold,Sherrod
GlennRDuppstadt@superrito.com,ohni3rak0Qu,Glenn,Duppstadt
ChantelGRiggs@dayrep.com,uYeeh0iuN,Chantel,Riggs
LatoyaBChristie@gustr.com,Quohnifae7,Latoya,Christie
CharlesIMurphy@dayrep.com,eXei5ie3ie,Charles,Murphy
RichardVSalvatore@einrot.com,athei4xaCh,Richard,Salvatore
MurielJDeleon@armyspy.com,iege1Nuu,Muriel,Deleon
MaryNMartinez@dayrep.com,He2oghoo,Mary,Martinez
JaneGSmith@teleworm.us,geiNga6th,Jane,Smith
StephenSWagner@cuvox.de,Zoowie8ae,Stephen,Wagner
MarjorieSRichardson@gustr.com,OoGheiXu9,Marjorie,Richardson
GeraldGJones@gustr.com,iaX3ietah,Gerald,Jones
VirginiaDLinkous@gustr.com,IjaneiLoo1p,Virginia,Linkous
JohnSChaires@dayrep.com,een1Ieb1Ei,John,Chaires
JoshuaKWhite@teleworm.us,Mahx6aeth7,Joshua,White
FredBBrown@gustr.com,aethoo6TieSh,Fred,Brown
MarieJValerio@dayrep.com,eesahD7ahm,Marie,Valerio
StephanieMPlasencia@teleworm.us,eevaV1aev,Stephanie,Plasencia
CathyMHawk@einrot.com,Ie9ahghai,Cathy,Hawk
MarthaJShields@teleworm.us,fooM0eem1Oh,Martha,Shields
LukeJWall@dayrep.com,gahPhae7ae,Luke,Wall
KennethLNilles@dayrep.com,Ohz9oangai,Kenneth,Nilles
RafaelBWigley@cuvox.de,ButohNg9ae,Rafael,Wigley
MarvinLCordova@superrito.com,ki3Aephieyoh,Marvin,Cordova
AngelVKeen@teleworm.us,Jeghis3ai,Angel,Keen
YongEWilder@einrot.com,xiaS3lo6iesh,Yong,Wilder
YvonneGMartinez@dayrep.com,QueiGh3oo,Yvonne,Martinez
BettySLemke@cuvox.de,Hua0see6ei,Betty,Lemke
JoTCampbell@superrito.com,PhiuthaeS3,Jo,Campbell
RuthJRagan@teleworm.us,ag7quaiSh,Ruth,Ragan
AnnSJordan@einrot.com,auxooSh1aij9,Ann,Jordan
EdwardPHunt@dayrep.com,Ou0Ooc2Tho,Edward,Hunt
RachelRBarnes@dayrep.com,jaiD4thee,Rachel,Barnes
RobertKBurns@teleworm.us,Ehai9ai7Ci,Robert,Burns
SusanLWilliams@teleworm.us,zahS5Uthoo,Susan,Williams
DianaDWood@dayrep.com,AiNohzia0,Diana,Wood
JohnDRamirez@teleworm.us,Jooyah5eilei,John,Ramirez
CharleneAGauthier@dayrep.com,Quoo7saShap,Charlene,Gauthier
MichelleABayer@teleworm.us,wee0nan6P,Michelle,Bayer
CoralHBrown@gustr.com,ooXeayoh6oo,Coral,Brown
ChadJMaxie@gustr.com,On3yo3naeC,Chad,Maxie
JamesLTompkins@superrito.com,oopieHoh5,James,Tompkins
DavidMCarr@gustr.com,thaiQu3N,David,Carr
PatAMiller@armyspy.com,eegheSha0,Pat,Miller
MaryJRedmond@einrot.com,hai5oe4Quoo,Mary,Redmond
ElaineCTorres@teleworm.us,othia5hai6Ae,Elaine,Torres
RebeccaFBrooks@superrito.com,Pheengafu7,Rebecca,Brooks
JamesMMcConville@dayrep.com,zohyee6Duagh,James,McConville
RonnieJAbad@dayrep.com,oodahD0een9I,Ronnie,Abad
TimNPage@cuvox.de,xiN5ij2thad,Tim,Page
RogerMMullen@armyspy.com,ReeJaid8exiph,Roger,Mullen
EdwardNJacobson@einrot.com,Ohm4IeNg,Edward,Jacobson
BarbaraMAtkins@superrito.com,ahqu8Shie0t,Barbara,Atkins
LeoniaJPuga@armyspy.com,Eiv4Aechugh,Leonia,Puga
GeorgeAShannon@armyspy.com,ooChah6voh,George,Shannon
WillieAKeen@dayrep.com,oom8Teing0,Willie,Keen
BeatriceJOwens@einrot.com,Koothae9oh,Beatrice,Owens
RosieSButcher@teleworm.us,ZeZaiShahZ7,Rosie,Butcher
BonnieJThompson@armyspy.com,quai2pu3Eng,Bonnie,Thompson
PenelopeTHoover@gustr.com,sooY2pie,Penelope,Hoover
MarkDThomas@cuvox.de,eepoo5Aeci,Mark,Thomas
CarolGScott@teleworm.us,Nai2aehoo,Carol,Scott
RichardNWilliams@teleworm.us,Chi6iu6Phah,Richard,Williams
AlbertSGause@superrito.com,uithoo7wuHie,Albert,Gause
EvaGJames@armyspy.com,ooGooS3ash,Eva,James
AnneCWhitlock@cuvox.de,vu7jifi8Rai,Anne,Whitlock
AliceMKim@gustr.com,vaiSheir0Ru,Alice,Kim
ClaraESpencer@teleworm.us,chaiPe5chaeG3,Clara,Spencer
JacobLFifield@gustr.com,mi7ShaiM,Jacob,Fifield
CarolynWPrice@cuvox.de,Cinie7Imae,Carolyn,Price
ChristopherJGilbert@cuvox.de,Aiy8eelei,Christopher,Gilbert
AlbertPJones@dayrep.com,edooPh2eix0,Albert,Jones
RobertDAustin@gustr.com,loo7Eetuxae8,Robert,Austin
CarrieJTurner@einrot.com,na4ChaeThah,Carrie,Turner
ShawnPHart@teleworm.us,vado9ohWae,Shawn,Hart
WilliamOPeacock@gustr.com,oihi8Shoovoo,William,Peacock
EdwardADeutsch@cuvox.de,eiphe5thahP,Edward,Deutsch
MargaretJRussell@superrito.com,wae6ohYuMoph,Margaret,Russell
MichelleUPace@armyspy.com,aiSh3eich6,Michelle,Pace
TonyDJones@superrito.com,oot3Iroh3Oh,Tony,Jones
OtisESoto@cuvox.de,ohse3OoPh,Otis,Soto
KimberlyJVinson@teleworm.us,Ut5kahBah,Kimberly,Vinson
MayraBAllshouse@cuvox.de,ahho1oGeew,Mayra,Allshouse
DoraRMorrison@armyspy.com,Ri9yohchae8,Dora,Morrison
TanyaRBryant@gustr.com,Mesh6pho,Tanya,Bryant
JuliaJFagundes@einrot.com,aev5Aip7eey,Julia,Fagundes
BrendaCGuerrero@teleworm.us,uaXoh0xieZei,Brenda,Guerrero
TheresaGHannah@dayrep.com,iesh6queeSh,Theresa,Hannah
JohnIJohnson@einrot.com,maing7SeiV,John,Johnson
WardDStoddard@armyspy.com,quo1eo1UuF5,Ward,Stoddard
ConnieRNimmons@dayrep.com,me2ushue5Ph,Connie,Nimmons
KelleyMSingleton@gustr.com,de1Ungeigh,Kelley,Singleton
LeonardMTruby@cuvox.de,AoCooj2Ohm,Leonard,Truby
FerdinandLDavis@dayrep.com,ooMoez8n,Ferdinand,Davis
MichelleJSmith@armyspy.com,oogu5juK0,Michelle,Smith
CharlesDCanales@einrot.com,iekie5Shoh,Charles,Canales
RoySReyes@gustr.com,kailaeMee2ai,Roy,Reyes
GeraldineEDarden@armyspy.com,eiRe1eich,Geraldine,Darden
DanielCGray@armyspy.com,eiPh6egeThoh,Daniel,Gray
NancyWCurry@armyspy.com,Jeek8cashae,Nancy,Curry
EthelDBrown@cuvox.de,xoZ7ethohPea,Ethel,Brown
EugeneMRedmond@cuvox.de,aelei8ahRex,Eugene,Redmond
RonaldEBryant@superrito.com,iu0Va8ex,Ronald,Bryant
SteveMBlodgett@armyspy.com,aay4Eib6Oh,Steve,Blodgett
BettinaFFerguson@cuvox.de,bohJ1eiph,Bettina,Ferguson
StevenNLeslie@teleworm.us,yoh6Feidie,Steven,Leslie
JanieJSharp@superrito.com,aijee9aiBah,Janie,Sharp
GastonEMcCray@cuvox.de,ohch4Kae5,Gaston,McCray
NealVCampbell@einrot.com,eegoov9OoW,Neal,Campbell
CharlesOWalters@armyspy.com,Ovei1thoo,Charles,Walters
RichardLNovotny@dayrep.com,sie4aeCae5ee,Richard,Novotny
MaryAHash@cuvox.de,Ook6ieseesi,Mary,Hash
MelissaWStanley@teleworm.us,eezu5Uojei,Melissa,Stanley
MargotJBlair@armyspy.com,heiM9fiew2,Margot,Blair
AnthonyAFranklin@gustr.com,tieShaek9fa,Anthony,Franklin
CliffordCLebrun@gustr.com,uSei0eefoo,Clifford,Lebrun
DewayneSGuzman@gustr.com,Keephaipoh3,Dewayne,Guzman
MargeryJRozier@armyspy.com,piezaRu1,Margery,Rozier
MaryAMatthews@dayrep.com,WieVuc9te0,Mary,Matthews
RobertKHolmes@gustr.com,Oola8eevah7,Robert,Holmes
CharlesKHunt@cuvox.de,too0ON4qu,Charles,Hunt
BrettEParkman@gustr.com,Ahoo3ier,Brett,Parkman
EvaGHaller@gustr.com,Gaesei6d,Eva,Haller
GloriaJJones@cuvox.de,Weew3xouGh,Gloria,Jones
FredCWiley@superrito.com,zahC5gooci,Fred,Wiley
DavidRMcNicholas@armyspy.com,eiz5uDiwou,David,McNicholas
DonaldECarberry@cuvox.de,NuKeef4Ciel,Donald,Carberry
KevinBHoang@dayrep.com,oorae7Uv6e,Kevin,Hoang
NormanBLampkin@cuvox.de,yie0Thah8Ei,Norman,Lampkin
BeverlyPThompson@dayrep.com,eepoh4Eig,Beverly,Thompson
CarlaDWhite@einrot.com,iqu0iso5Li,Carla,White
DavidMLewis@gustr.com,Aene7cee4,David,Lewis
IgnacioKConner@einrot.com,vaiJ1cheigh,Ignacio,Conner
CynthiaAPatterson@cuvox.de,iePhie5i,Cynthia,Patterson
MarieDHouston@superrito.com,pie5oZ4jei,Marie,Houston
KeithBMarr@gustr.com,aiM8aede,Keith,Marr
WendiCSpencer@teleworm.us,ahg6OhQuuu,Wendi,Spencer
VanessaTRexroad@einrot.com,xong4Eo4Ae,Vanessa,Rexroad
BrendaLGalindo@teleworm.us,ohKa9ooM3f,Brenda,Galindo
DonMWilliams@cuvox.de,eicai7Ief,Don,Williams
PamelaBDo@cuvox.de,Foh6Yooj,Pamela,Do
DanielMMays@teleworm.us,oquei9Vah,Daniel,Mays
JudyKPerkins@cuvox.de,Rei5pha4,Judy,Perkins
ErikPNelson@armyspy.com,Gooxeeza6ie,Erik,Nelson
ThomasAColley@superrito.com,Oong1raPh,Thomas,Colley
GregoryPMeurer@einrot.com,Yaifavah6,Gregory,Meurer
JasonMYount@einrot.com,Raequ8we,Jason,Yount
VeronicaBGoodman@gustr.com,eL5eCagh8ch,Veronica,Goodman
LyleJWatson@cuvox.de,mozeYi9Aeru,Lyle,Watson
DorisJDavis@teleworm.us,yai3Chot,Doris,Davis
FrederickSThompson@gustr.com,Iem1aphaicee,Frederick,Thompson
AnaDBoucher@dayrep.com,ki0Oovai,Ana,Boucher
GayJShelton@armyspy.com,poachu6uNg3a,Gay,Shelton
MarySMiller@armyspy.com,thahtheNg6,Mary,Miller
LeonBFreeland@teleworm.us,re4ohPh2,Leon,Freeland
JamieSHansen@einrot.com,teangi1Co,Jamie,Hansen
JavierKHill@superrito.com,ohco7yaVah,Javier,Hill
MikeJApple@cuvox.de,iecoLoW3oow,Mike,Apple
TraceyJMartinez@einrot.com,Aim6shees,Tracey,Martinez
JosephCMoser@einrot.com,Quuwoov8au,Joseph,Moser
MasonMEaton@teleworm.us,zohQu2boodae,Mason,Eaton
CarolynKClark@superrito.com,taiC7oCho,Carolyn,Clark
KevinBShepherd@armyspy.com,soPh5Ic6eSh,Kevin,Shepherd
JoelDGamble@teleworm.us,aeshoh4Fu7ch,Joel,Gamble
BennieASalazar@dayrep.com,iT5eeRai7ei,Bennie,Salazar
JasonPCollette@superrito.com,Eip1Esoh,Jason,Collette
BenjaminMMohamed@cuvox.de,oojeiYu7ph,Benjamin,Mohamed
CecilGSwanson@teleworm.us,oht1ieHo9qu,Cecil,Swanson
CarolSFink@superrito.com,eusongieB1,Carol,Fink
ConstanceMKinder@superrito.com,ooQuoo8ai,Constance,Kinder
SheritaJGriffin@gustr.com,Za7ahshee,Sherita,Griffin
JulioJTittle@einrot.com,oupeiL7ei,Julio,Tittle
DeenaDPalma@gustr.com,ohth3Cel,Deena,Palma
PaulaDMao@cuvox.de,ou6nahn2OoP,Paula,Mao
EdwardHFrancisco@gustr.com,ThaiFaiquuu9,Edward,Francisco
AminaJBurns@einrot.com,Eigie3keiP2,Amina,Burns
BeverleySGibson@gustr.com,Moomai6Pa,Beverley,Gibson
KathrynCBlass@superrito.com,fi9Iesho,Kathryn,Blass
CarolLIsaacs@armyspy.com,uShie6ieL,Carol,Isaacs
JamesLWhitaker@cuvox.de,Thoo4zous2,James,Whitaker
MaryRFarkas@teleworm.us,AhLai6se,Mary,Farkas
DennisJDavis@armyspy.com,eiDeish3ah,Dennis,Davis
LibbyCCorriveau@einrot.com,xied9Aivie,Libby,Corriveau
ElizabethNJones@superrito.com,Oil7ohcei5m,Elizabeth,Jones
